"text","text_en","cmp_code","eu_code"
"DE LA DEMOCRACIA DE LOS ACUERDOS A LA CULTURA DE LA RETROEXCAVADORA","FROM THE DEMOCRACY OF AGREEMENTS TO THE BACKHOE CULTURE","H",NA
"Chile es un país maravilloso.","Chile is a wonderful country.","601.1",NA
"Con la creatividad y esfuerzo de muchas generaciones, transformamos la colonia más pobre de España en el país con mayor liderazgo, dinamismo y empuje de América Latina.","With the creativity and effort of many generations, we transformed the poorest colony of Spain into the country with the greatest leadership, dynamism and drive in Latin America.","601.1",NA
"Más allá de los obstáculos y carencias que aún persisten,","Beyond the obstacles and shortcomings that still persist,","305.2",NA
"en las últimas tres décadas fuimos capaces de convertirnos en la nación con mayor ingreso per cápita de la región,","in the last three decades we were able to become the nation with the highest per capita income in the region,","410",NA
"con mayor expectativa de vida","with longer life expectancy","606.1",NA
"y con mejor cobertura en educación","and with better education coverage","506",NA
"y salud.","and health.","504",NA
"Adicionalmente, redujimos la pobreza a la cuarta parte","In addition, we reduced poverty by a quarter","504",NA
"y democratizamos enormemente el acceso a bienes y servicios, como la vivienda, la tecnología o el turismo.","and greatly democratized access to goods and services, such as housing, technology and tourism.","202.1",NA
"También fuimos capaces de enfrentar unidos y solidariamente los enormes desafíos que la naturaleza nos ha puesto en el camino una y otra vez.","We were also able to face, united and in solidarity, the enormous challenges that nature has put in our way time and again.","606.1",NA
"Más importante aún.","More importantly.","000",NA
"Recuperamos nuestra democracia en forma pacífica y ejemplar,","We recovered our democracy in a peaceful and exemplary manner,","305.4",NA
"mejoramos la amistad cívica","improved civic friendship","606.1",NA
"y dimos paso al surgimiento de una amplia y diversa clase media,","and gave way to the emergence of a broad and diverse middle class,","704",NA
"que hoy constituye el sector más representativo de nuestra nación,","which today constitutes the most representative sector of our nation,","704",NA
"generando con ello un profundo cambio social y cultural en el país.","thus generating a profound social and cultural change in the country.","601.1",NA
"Lamentablemente, en los últimos tres años hemos perdido el rumbo y el ritmo y nos hemos estancado.","Unfortunately, in the last three years we have lost our direction and rhythm and have stagnated.","305.1",NA
"Hemos ido perdiendo ese liderazgo, dinamismo y empuje que nos distinguía,","We have been losing that leadership, dynamism and drive that distinguished us, which","305.1",NA
"lo que nos ha alejado de la misión de hacer de Chile un país más libre,","has distanced us from the mission of making Chile a freer country,","201.1",NA
"un Chile desarrollado y sin pobreza,","a developed Chile without poverty,","410",NA
"y un Chile con mayores seguridades y oportunidades para todos.","and a Chile with greater security and opportunities for all.","503",NA
"Estamos perdiendo el rumbo y el ritmo porque el gobierno de la Nueva Mayoría nos está conduciendo por un camino equivocado.","We are losing direction and rhythm because the New Majority government is leading us down the wrong path.","305.1",NA
"A partir de un diagnóstico erróneo y una ideología equivocada,","Based on an erroneous diagnosis and a mistaken ideology, it","305.1",NA
"ha puesto en marcha un conjunto de iniciativas mal pensadas y peor implementadas.","has launched a series of poorly thought out and poorly implemented initiatives.","305.1",NA
"Y las consecuencias están a la vista:","And the consequences are plain to see:","000",NA
"quienes se decían progresistas han detenido el progreso de Chile.","those who claimed to be progressives have halted Chile's progress.","305.1",NA
"Hemos perdido nuestra histórica posición de liderazgo en América Latina.","We have lost our historic leadership position in Latin America.","601.1",NA
"El Estado de Derecho se ha debilitado.","The rule of law has been weakened.","202.1",NA
"Hoy prácticamente no crecemos ni creamos buenos empleos.","Today, we have practically no growth or good job creation.","701",NA
"Los salarios y las pensiones se han estancado.","Wages and pensions have stagnated.","701",NA
"La capacidad de innovar y emprender se encuentra asfixiada.","The capacity for innovation and entrepreneurship is stifled.","410",NA
"La delincuencia avanza y la seguridad retrocede.","Crime is advancing and security is regressing.","605.1",NA
"La salud está en crisis","Health is in crisis","504",NA
"y la educación no mejora.","and education is not improving.","506",NA
"Y lo que es más preocupante, la confianza y el optimismo de la ciudadanía se han debilitado.","More worryingly, public confidence and optimism have weakened.","606.1",NA
"Un aire enrarecido por las divisiones y frustraciones se ha esparcido por nuestra sociedad,","A rarefied air of divisions and frustrations has spread through our society,","606.1",NA
"la que muy mayoritariamente piensa que Chile va por mal camino y que está estancado o retrocediendo.","the majority of which thinks that Chile is on the wrong track and that it is stagnating or going backwards.","606.1",NA
"La elección presidencial de fines de este año representará una verdadera encrucijada para el país.","The presidential election at the end of this year will represent a real crossroads for the country.","305.1",NA
"Chile enfrentará dos caminos muy diferentes, como dos barcos que parten de puertos similares pero arriban a destinos muy diferentes.","Chile will face two very different paths, like two ships departing from similar ports but arriving at very different destinations.","305.1",NA
"Uno, el de la Nueva Mayoría, buscará profundizar el equivocado itinerario recorrido en los últimos tres años.","One, that of the New Majority, will seek to deepen the mistaken itinerary followed in the last three years.","305.1",NA
"El otro, que nosotros representamos, significará un cambio de rumbo y de ritmo que nos permitirá recorrer la senda del progreso,","The other, which we represent, will mean a change of course and pace that will allow us to travel the path of progress,","410",NA
"guiado por la convicción de que navegamos todos juntos,","guided by the conviction that we are all sailing together,","606.1",NA
"orgullosos de nuestra historia,","proud of our history,","601.1",NA
"conscientes de nuestras carencias","aware of our shortcomings","606.1",NA
"y con una mirada optimista del futuro.","and with an optimistic view of the future.","606.1",NA
"En síntesis, en esta elección deberemos decidir entre avanzar o retroceder.","In short, in this election we will have to decide whether to move forward or backward.","410",NA
"Entre unidad o división.","Between unity or division.","606.1",NA
"Entre diálogo o confrontación.","Between dialogue or confrontation.","606.1",NA
"Entre cambio o continuidad.","Between change or continuity.","606.1",NA
"Entre libertades o restricciones.","Between freedoms or restrictions.","606.1",NA
"Entre el Chile unido y desarrollado que queremos para nuestros hijos, o el Chile dividido y estancado al cual nos conduce la Nueva Mayoría.","Between the united and developed Chile that we want for our children, or the divided and stagnant Chile to which the New Majority is leading us.","606.1",NA
"PRINCIPIOS Y PROPÓSITOS DEL PROGRAMA DE GOBIERNO","PRINCIPLES AND PURPOSES OF THE GOVERNMENT PROGRAM","H",NA
"El proyecto que estamos proponiendo al país busca promover y compatibilizar cuatro principios fundamentales","The project we are proposing to the country seeks to promote and make compatible four fundamental principles","305.1",NA
"como son la libertad,","such as freedom,","201.1",NA
"la justicia,","justice,","202.1",NA
"el progreso","progress","410",NA
"y la solidaridad.","and solidarity.","606.1",NA
"La realización de la naturaleza humana alcanza su máximo potencial cuando encuentra mayores espacios de libertad,","The realization of human nature reaches its full potential when it finds greater spaces of freedom,","201.1",NA
"para que cada persona sea arquitecta y constructora de su propia vida.","so that each person can be the architect and builder of his or her own life.","201.1",NA
"Ésta debe ser integral y abarcar la mayor cantidad de ámbitos, teniendo como únicos límites el bien común y la libertad de los demás.","It must be comprehensive and cover the greatest number of areas, with the only limits being the common good and the freedom of others.","201.1",NA
"Esta libertad debe ir acompañada de un profundo sentido de justicia, entendido como el compromiso de brindarles a todos los miembros de la comunidad niveles de vida compatibles con la dignidad humana,","This freedom must be accompanied by a profound sense of justice, understood as the commitment to provide all members of the community with standards of living compatible with human dignity,","606.1",NA
"lo que exige derrotar la pobreza junto con la permanente búsqueda de una mayor igualdad de oportunidades,","which requires defeating poverty together with the permanent search for greater equality of opportunity,","503",NA
"de manera que predomine el mérito y no los privilegios.","so that merit and not privilege predominate.","503",NA
"Esta virtuosa combinación de libertad y justicia, debe complementarse con la persecución del progreso.","This virtuous combination of freedom and justice must be complemented by the pursuit of progress.","410",NA
"No hay aspiración más compartida que la búsqueda de la felicidad lo que entre otras cosas,","There is no more shared aspiration than the pursuit of happiness which, among other things,","606.1",NA
"requiere mayores niveles de prosperidad y bienestar.","requires higher levels of prosperity and well-being.","410",NA
"Propósito que adquiere mayor fuerza moral cuando se enriquece con la promoción de la solidaridad.","This purpose acquires greater moral force when it is enriched with the promotion of solidarity.","606.1",NA
"Porque una sociedad es verdaderamente humana cuando se ocupa del bienestar de todos y no deja a nadie atrás.","Because a society is truly humane when it cares for the welfare of all and leaves no one behind.","503",NA
"Vamos a dejar definitivamente atrás la cultura de la retroexcavadora y retomaremos la sana tradición republicana de buscar diálogos y acuerdos amplios,","We will definitively leave behind the culture of the backhoe and we will resume the healthy republican tradition of seeking dialogue and broad agreements, the","606.1",NA
"único camino que permite el avance sostenido de los países.","only path that allows for the sustained progress of countries.","410",NA
"El compromiso de nuestro gobierno será actuar con sentido de Estado,","Our government's commitment will be to act with a sense of State,","305.1",NA
"fortaleciendo lo bueno, perfeccionando lo regular y corrigiendo lo malo.","strengthening the good, perfecting the regular and correcting the bad.","202.1",NA
"Abordaremos con decisión lo pendiente, pero pondremos nuestro foco en el futuro.","We will address the pending issues with determination, but we will focus on the future.","606.1",NA
"Porque venimos a construir y no a demoler.","Because we come to build and not to demolish.","606.1",NA
"A poner patines y no a quitarlos.","To put on skates and not to take them off.","606.1",NA
"En nuestro mandato La Moneda volverá a ser un espacio de encuentro y diálogo,","During our term of office, La Moneda will once again be a place for meeting and dialogue,","606.1",NA
"donde prevalecerá ante todo la colaboración y la amistad cívica.","where collaboration and civic friendship will prevail above all.","606.1",NA
"A esta tarea nos abocaremos imbuidos de lo que fue el espíritu de la transición,","We will undertake this task imbued with the spirit of the transition,","305.5",NA
"porque el régimen democrático es más sólido y estable mientras mayor es la unidad y el grado de consentimiento que suscita en la comunidad nacional.","because the democratic regime is more solid and stable the greater the unity and the greater the degree of consent it arouses in the national community.","606.1",NA
"NUESTRO GOBIERNO  MÁS QUE SER EL DE UNA NUEVA MAYORÍA, SERÁ EL GOBIERNO DE TODOS LOS CHILENOS.","OUR GOVERNMENT, RATHER THAN BEING THE GOVERNMENT OF A NEW MAJORITY, WILL BE THE GOVERNMENT OF ALL CHILEANS.","H",NA
"La tarea no será fácil ni sencilla.","The task will be neither easy nor simple.","305.1",NA
"Requerirá una mayoría de mentes, ideas, voluntades y corazones.","It will require a majority of minds, ideas, wills and hearts.","606.1",NA
"Y ante todo unidad, generosidad y responsabilidad.","And above all, unity, generosity and responsibility.","606.1",NA
"Combatiremos la demagogia, la improvisación y el populismo.","We will fight demagogy, improvisation and populism.","305.1",NA
"Prometeremos solo lo que creemos podemos cumplir y haremos lo humanamente posible por cumplir lo que prometemos.","We will promise only what we believe we can deliver and we will do everything humanly possible to deliver what we promise.","305.1",NA
"Recuperaremos la capacidad de diseñar e impulsar reformas responsables y buenas políticas públicas.","We will recover the capacity to design and promote responsible reforms and good public policies.","305.1",NA
"Promoveremos una cultura de respeto por los derechos de todos,","We will promote a culture of respect for the rights of all,","503",NA
"pero también exigiremos los deberes de todos.","but we will also demand the duties of all.","606.1",NA
"La visión que nos guía es la de un Chile que progresa unido,","The vision that guides us is that of a Chile that progresses united,","606.1",NA
"más libre,","freer,","201.1",NA
"más justo,","fairer,","202.2",NA
"más solidario y en paz.","more united and in peace.","606.1",NA
"En suma, un país que genera oportunidades para que todos puedan desarrollar sus talentos y vivir mejor,","In short, a country that generates opportunities so that everyone can develop their talents and live better,","606.1",NA
"y seguridades para que todos puedan vivir una vida digna.","and security so that everyone can live a dignified life.","605.1",NA
"Por eso una de las principales metas de nuestro gobierno será sentar las bases para hacer de Chile, dentro de los próximos ocho años, uno de los 30 países con mayor desarrollo humano del mundo,","That is why one of the main goals of our government will be to lay the foundations to make Chile, within the next eight years, one of the 30 countries with the highest human development in the world, which","416.2",NA
"lo que exige alcanzar un desarrollo integral y solidario.","requires achieving an integral and solidary development.","416.2",NA
"Nuestro programa asume un triple compromiso.","Our program assumes a three-fold commitment.","000",NA
"Por una parte, recuperar nuestra capacidad de generar progreso económico y social,","On the one hand, to recover our capacity to generate economic and social progress,","410",NA
"de forma que Chile hacia el final de nuestro gobierno duplique su capacidad de crecer,","so that by the end of our government Chile will double its capacity to grow,","410",NA
"crear empleos,","create jobs,","701",NA
"mejorar los salarios","improve salaries","701",NA
"y reducir la pobreza.","and reduce poverty.","504",NA
"Por otra parte, fortalecer a nuestra clase media.","On the other hand, to strengthen our middle class.","704",NA
"Finalmente, nuestro programa busca mitigar los principales temores que enfrentan las familias chilenas,","Finally, our program seeks to mitigate the main fears faced by Chilean families,","706",NA
"especialmente en ámbitos como la salud,","especially in areas such as health,","706",NA
"la longevidad,","longevity,","706",NA
"la delincuencia","crime","605.1",NA
"o el desempleo, episodios que generan justificados sentimientos de vulnerabilidad en las personas.","or unemployment, episodes that generate justified feelings of vulnerability in people.","701",NA
"Nuestro gobierno se hará cargo de esta realidad por medio de un conjunto de políticas que aborden los principales desafíos del ciclo vital de las personas, como el nacimiento, la educación, la enfermedad o la vejez,","Our government will address this reality by means of a set of policies that address the main challenges of people's life cycle, such as birth, education, illness or old age,","706",NA
"generando una red de apoyo frente a las coyunturas que la modernidad no ha resuelto en forma eficaz.","generating a support network to deal with the situations that modernity has not solved effectively.","706",NA
"Nuestras prioridades serán las prioridades de la gente:","Our priorities will be people's priorities:","606.1",NA
"resolver sus problemas,","solving their problems,","606.1",NA
"potenciar sus oportunidades,","empowering their opportunities,","606.1",NA
"ampliar sus libertades,","expanding their freedoms,","201.1",NA
"mitigar sus temores","alleviating their fears","605.1",NA
"y colaborar en el cumplimiento de sus sueños.","and helping to fulfill their dreams.","606.1",NA
"Porque un buen gobierno, además de liderar, debe siempre escuchar.","Because a good government, in addition to leading, must always listen.","305.1",NA
"Por ello, serán cinco nuestras principales prioridades:","Therefore, there will be five main priorities:","305.1",NA
"CINCO PRINCIPALES PRIORIDADES","TOP FIVE PRIORITIES","H",NA
"VOLVER A CRECER.","REGROWTH.","410",NA
"CREAR EMPLEOS Y MEJORAR LOS SALARIOS,","CREATE JOBS AND IMPROVE WAGES,","701",NA
"PORQUE NO HAY MEJOR POLÍTICA DE DESARROLLO QUE EL CRECIMIENTO,","BECAUSE THERE IS NO BETTER DEVELOPMENT POLICY THAN GROWTH, AND","410",NA
"NI MEJOR POLÍTICA LABORAL Y SOCIAL QUE EL PLENO EMPLEO.","NO BETTER LABOR AND SOCIAL POLICY THAN FULL EMPLOYMENT.","701",NA
"HACER DE CHILE UN PAÍS MÁS SEGURO, HACIENDO RETROCEDER LA DELINCUENCIA","MAKE CHILE A SAFER COUNTRY, REDUCING CRIME","605.1",NA
"EL NARCOTRÁFICO",", DRUG TRAFFICKING","605.1",NA
"Y EL TERRORISMO.","AND TERRORISM.","605.1",NA
"APOYANDO Y MODERNIZANDO A NUESTRAS POLICÍAS.","SUPPORTING AND MODERNIZING OUR POLICE FORCES.","104",NA
"PARA QUE LOS CHILENOS PUEDAN VIVIR CON MAYOR PAZ Y SEGURIDAD.","SO THAT CHILEANS CAN LIVE IN GREATER PEACE AND SECURITY.","605.1",NA
"MEJORAR LA CALIDAD DE LA EDUCACIÓN DE NUESTROS NIÑOS JÓVENES Y TRABAJADORES","IMPROVE THE QUALITY OF EDUCATION OF OUR YOUNG AND WORKING CHILDREN","506",NA
"PARA ENFRENTAR EXITOSAMENTE LOS DESAFÍOS DE LA SOCIEDAD DEL CONOCIMIENTO Y LA INFORMACIÓN.","TO SUCCESSFULLY FACE THE CHALLENGES OF THE KNOWLEDGE AND INFORMATION SOCIETY.","411",NA
"FORTALECIENDO LA LIBERTAD DE ENSEÑANZA Y DEVOLVIÉNDOLES A LOS PADRES EL DERECHO A ELEGIR.","STRENGTHENING THE FREEDOM OF EDUCATION AND GIVING BACK TO PARENTS THE RIGHT TO CHOOSE.","201.1",NA
"SUPERAR LA ACTUAL CRISIS DE LA SALUD EN CHILE,","TO OVERCOME THE CURRENT HEALTH CARE CRISIS IN CHILE BY","504",NA
"MEJORANDO LA CALIDAD DE LA ATENCIÓN,","IMPROVING THE QUALITY OF CARE AND","504",NA
"LA INFRAESTRUCTURA.","INFRASTRUCTURE.","411",NA
"FORMANDO O TRAYENDO MÁS MÉDICOS ESPECIALISTAS.","TRAINING OR BRINGING IN MORE MEDICAL SPECIALISTS.","506",NA
"TERMINANDO CON LAS LISTAS DE ESPERA.","ENDING WAITING LISTS.","506",NA
"REDUCIENDO EL PRECIO DE LOS MEDICAMENTOS","REDUCING THE PRICE OF MEDICINES","504",NA
"Y PROMOVIENDO UNA CULTURA DE VIDA SANA.","AND PROMOTING A CULTURE OF HEALTHY LIVING.","504",NA
"MEJORAR LAS PENSIONES,","IMPROVE THE PENSIONS,","701",NA
"LA INTEGRACIÓN Y LA CALIDAD DE VIDA DE NUESTROS ADULTOS MAYORES,","INTEGRATION AND QUALITY OF LIFE OF OUR SENIOR CITIZENS, THROUGH","706",NA
"A TRAVÉS DE UNA REFORMA AL SISTEMA DE PENSIONES Y UNA POLÍTICA DE NACIONAL DE ENVEJECIMIENTO POSITIVO.","A REFORM OF THE PENSION SYSTEM AND A NATIONAL POLICY OF POSITIVE AGING.","701",NA
"Adicionalmente, queremos hacer de Chile un país para vivir bien,","In addition, we want to make Chile a country to live well,","416.2",NA
"lo que requerirá un enorme esfuerzo en materia de cultura,","which will require an enormous effort in terms of culture,","502",NA
"deportes,","sports,","502",NA
"ciudad,","city,","411",NA
"transporte,","transportation,","411",NA
"inclusión,","inclusion,","503",NA
"diversidad y protección de nuestra naturaleza y medio ambiente.","diversity and protection of our nature and environment.","501",NA
"También perseveraremos en una política internacional con vocación de apertura e integración,","We will also persevere in an international policy with a vocation for openness and integration,","107",NA
"privilegiando a América Latina y","giving priority to Latin America and","108",NA
"Y defendiendo las libertades, la democracia y los derechos humanos.","defending freedoms, democracy and human rights.","201.2",NA
"Otros desafíos serán descentralizar el país y empoderar a nuestras regiones,","Other challenges will be to decentralize the country and empower our regions,","301",NA
"proteger nuestra infancia,","protect our children,","706",NA
"promover a nuestros pueblos originarios,","promote our native peoples,","607.1",NA
"integrar a los inmigrantes,","integrate immigrants,","608.2",NA
"seguir modernizando las Fuerzas Armadas,","continue modernizing the Armed Forces,","104",NA
"potenciar nuestra agricultura y el mundo rural,","strengthen our agriculture and the rural world,","703.1",NA
"y lograr plena igualdad de derechos y deberes entre hombres y mujeres.","and achieve full equality of rights and duties between men and women.","503",NA
"Finalmente, asumiremos los desafíos del futuro como la revolución tecnológica,","Finally, we will take on the challenges of the future, such as the technological revolution,","411",NA
"la ciencia y la innovación,","science and innovation,","411",NA
"la política Antártica,","Antarctic policy,","501",NA
"el cambio climático,","climate change,","501",NA
"los desastres naturales,","natural disasters,","501",NA
"la modernización del Estado","modernization of the State","411",NA
"y la calidad de la política y las instituciones.","and the quality of politics and institutions.","202.1",NA
"Este programa es para los demócratas que creen en los valores republicanos y el respeto universal, en todo tiempo, lugar y circunstancia, de los derechos humanos.","This program is for democrats who believe in republican values and universal respect, in all times, places and circumstances, for human rights.","201.2",NA
"Para quienes creen en la libertad y dignidad de las personas para forjar su propio destino.","For those who believe in the freedom and dignity of people to shape their own destiny.","201.1",NA
"Para quienes entienden que los gobiernos están para protegernos y ayudarnos,","For those who understand that governments are there to protect and help us,","202.1",NA
"y no para dirigir nuestras vidas ni asfixiar nuestras libertades.","not to run our lives or stifle our freedoms.","201.1",NA
"Para quienes aprecian los aciertos y virtudes de sus adversarios y aprenden de sus propios errores.","For those who appreciate the successes and virtues of their adversaries and learn from their own mistakes.","202.1",NA
"Para quienes valoran la tolerancia, la rectitud, la responsabilidad y el trabajo bien hecho.","For those who value tolerance, honesty, responsibility and a job well done.","202.1",NA
"Para quienes creen que los derechos van de la mano de los deberes.","For those who believe that rights go hand in hand with duties.","606.1",NA
"Para quienes buscan la justicia y promueven la solidaridad,","For those who seek justice and promote solidarity, as","606.1",NA
"así como el progreso","well as progress","410",NA
"y la creación de oportunidades.","and the creation of opportunities.","408",NA
"Para quienes aspiran a una patria grande, justa y buena.","For those who aspire to a great, just and good country.","601.1",NA
"Y, sobre todo, para quienes creen en Chile, en los chilenos y en nuestra capacidad para construir un futuro mejor para todos nuestros compatriotas.","And, above all, for those who believe in Chile, in Chileans and in our capacity to build a better future for all our compatriots.","601.1",NA
"Las acciones, iniciativas y proyectos que se presentan constituirán las Bases de Nuestro Futuro Programa de Gobierno.","The actions, initiatives and projects presented will constitute the basis of our future government program.","000",NA
"Estas han sido pensadas con una mirada de largo plazo, requiriendo para su total implementación un esfuerzo superior al de un solo mandato presidencial.","These have been conceived with a long-term perspective, requiring an effort to be made for their full implementation that exceeds the duration of a single presidential term.","404",NA
"Las compartimos hoy con la ciudadanía para que las conozca, debata, aporte y se sume, porque queremos construir el programa definitivo con la contribución de millones de compatriotas.","We share them today with the citizens so that they can learn about them, debate, contribute and join in, because we want to build the final program with the contribution of millions of compatriots.","202.1",NA
"Por ello, durante los próximos meses, mediante un proceso de diálogo ciudadano a través de plataformas físicas y digitales,","Therefore, over the next few months, through a process of citizen dialogue via physical and digital platforms,","202.1",NA
"abriremos un amplio espacio de participación y como producto de ello daremos a conocer el texto definitivo, que constituirá la hoja de ruta del próximo gobierno.","we will open a broad space for participation and, as a result, we will release the final text, which will be the roadmap for the next government.","202.1",NA
"A continuación se describen las principales acciones, iniciativas y proyectos que contempla nuestro programa de gobierno, organizadas en torno a cuatro ejes principales:  I) Un Chile con mayores libertades y progreso.","The following is a description of the main actions, initiatives and projects included in our government program, organized around four main axes: I) A Chile with greater freedom and progress.","201.1",NA
"II) Un Chile justo y solidario.","II) A fair and supportive Chile.","606.1",NA
"III) Un Chile en paz y unido, y","III) A Chile in peace and united, and","106",NA
"IV) Un Chile para vivir bien.","IV) A Chile to live well.","606.1",NA
"Todas las materias que no están contenidas en la siguiente sección serán dadas a conocer a la ciudadanía durante el curso de la campaña.","All matters not contained in the following section will be made known to the public during the course of the campaign.","202.1",NA
"III.PRINCIPALES ACCIONES, INICIATIVAS Y PROYECTOS","III.MAIN ACTIONS, INITIATIVES AND PROJECTS","H",NA
"A.LEVANTEMOS EL VUELO: UN CHILE CON MAYORES LIBERTADES Y PROGRESO","A.LET'S TAKE THE FLIGHT: A CHILE WITH GREATER FREEDOMS AND PROGRESS","201.1",NA
"1.Un Chile que crea verdaderas oportunidades para todos","1. A Chile that creates real opportunities for all","503",NA
"Educación de calidad para una sociedad libre","Quality education for a free society","506",NA
"Acceso universal a la educación preescolar y primaria de calidad:","Universal access to quality preschool and primary education:","506",NA
"acceso universal y gratuito a partir de los dos años,","universal and free access from the age of two,","506",NA
"mediante nueva subvención preescolar para jardines infantiles y salas cuna.","through a new preschool subsidy for kindergartens and nursery schools.","402",NA
"Sistema de Aseguramiento de la Calidad de la Educación Preescolar,","Preschool Education Quality Assurance System,","506",NA
"creación de Beca Vocación de Párvulos","creation of the Vocation of Nursery School Scholarship","504",NA
"y modernización de contenidos curriculares.","and modernization of curricular content.","506",NA
"Plan Nacional de Excelencia Escolar:","National Plan for School Excellence:","506",NA
"Perfeccionamiento de la Ley de Inclusión:","Improvement of the Inclusion Law:","503",NA
"recuperar clima de confianza con sostenedores educacionales,","recovering a climate of trust with educational providers,","506",NA
"permitir arriendos regulados de inmuebles,","allowing regulated leases of real estate,","411",NA
"desburocratizar la gestión educacional,","reducing bureaucracy in educational management,","303",NA
"fortalecer liderazgo de los directores de escuelas,","strengthening the leadership of school principals,","303",NA
"mejorar la formación y capacitación de profesores,","improving the education and training of teachers,","411",NA
"cuidar la convivencia escolar,","caring for school coexistence,","506",NA
"mejorar el respeto y la disciplina,","improving respect and discipline,","606.1",NA
"permitir mecanismos de selección por mérito en establecimientos de alta exigencia académica o que requieran de especialización temprana, a partir de 7o básico","allowing merit-based selection mechanisms in schools with high academic demands or that require early specialization, starting in 7th grade and","202.1",NA
"y favoreciendo la inclusión social,","favoring social inclusion,","503",NA
"apoyo del Estado para aportes voluntarios de las familias y la sociedad civil.","State support for voluntary contributions from families and civil society.","606.1",NA
"Fortalecimiento del Sistema de Aseguramiento de la","Strengthening of the Food Safety Assurance System","411",NA
"Calidad y nueva aplicación electrónica ""Tu Escuela"", para que los padres accedan desde sus teléfonos móviles a información sobre calidad de los establecimientos y rendimiento escolar y disciplinario de sus hijos (notas, comunicaciones, anotaciones, informes pedagógicos, entre otros), en todos los colegios con financiamiento público.","Quality and new electronic application ""Tu Escuela"" (Your School), so that parents can access information on the quality of schools and their children's academic and disciplinary performance (grades, communications, annotations, pedagogical reports, among others) in all publicly funded schools from their cell phones.","411",NA
"Red Pública de Excelencia Escolan 300 Liceos Bicentenario de Excelencia,","Red Pública de Excelencia Escolan 300 Liceos Bicentenario de Excelencia,","506",NA
"recuperación de la calidad de los Liceos Emblemáticos.","recovery of the quality of the Liceos Emblemáticos.","506",NA
"Red de Liceos Tecnológicos de Excelencia.","Network of Technological High Schools of Excellence.","506",NA
"Modernización de contenidos y metodologías de enseñanza,","Modernization of teaching contents and methodologies, in order","506",NA
"de forma de adecuar nuestro sistema educacional a las herramientas y desafíos de la sociedad del conocimiento y la información.","to adapt our educational system to the tools and challenges of the knowledge and information society.","411",NA
"Fortalecimiento de la educación técnico-profesional.","Strengthening of technical-professional education.","411",NA
"Modernización de mallas curriculares,","Modernization of curricula,","411",NA
"sistemas de formación dual,","dual training systems,","411",NA
"certificación de competencias,","certification of competencies,","411",NA
"formación conjunta en Centros de Formación Profesional,","joint training in Vocational Training Centers,","411",NA
"sistema de aseguramiento de la calidad y Liceos Tecnológicos de Excelencia.","quality assurance system and Technological High Schools of Excellence.","411",NA
"Programa Nacional de Inglés y Plan de Formación Digital,","National English Program and Digital Training Plan,","506",NA
"incorporación de nuevas herramientas tecnológicas y programa Conectados con el Futuro (aulas virtuales para todos los colegios con subvención escolar, en colaboración con las mejores universidades y establecimientos educacionales del mundo).","incorporation of new technological tools and the Connected to the Future program (virtual classrooms for all schools with school subsidies, in collaboration with the best universities and educational establishments in the world).","411",NA
"Programa Nacional de Inglés y eliminación de doblajes en programación infantil y juvenil de la televisión abierta,","National English Program and elimination of dubbing in children's and youth programming on free-to-air television","411",NA
"para estimular la lectura y comprensión del inglés.","to stimulate reading and comprehension of English.","411",NA
"Educación Superior para el Siglo XXL","Higher Education for the XXL Century","H",NA
"Nuevo Ministerio de Educación Superior.","New Ministry of Higher Education.","506",NA
"Ciencia y Tecnología y Superintendencia de Educación Superior.","Science and Technology and Superintendence of Higher Education.","506",NA
"Reforma al sistema de aseguramiento de la calidad, con exigencias de acreditación obligatoria.","Reform of the quality assurance system, with mandatory accreditation requirements.","506",NA
"Pleno respeto por la autonomía universitaria.","Full respect for university autonomy.","506",NA
"Nuevo Sistema Solidario de Acceso a la Educación Superior: gratuidad para aquellos alumnos que ya accedieron a ella o que cumplan con los requisitos establecidos actualmente:","New Solidarity System of Access to Higher Education: free of charge for those students who already have access to higher education or who meet the requirements currently established: a","503",NA
"nuevo sistema único de becas y créditos,","new single system of scholarships and credits,","503",NA
"solidario y administrado por el Estado,","solidarity-based and administered by the State, based on","606.1",NA
"basado en la calidad de los establecimientos","the quality of the institutions","505",NA
"y la vulnerabilidad y mérito de los estudiantes,","and the vulnerability and merit of the students,","504",NA
"de forma de no discriminar arbitrariamente entre instituciones o alumnos.","so as not to arbitrarily discriminate between institutions or students.","503",NA
"El pago de los créditos será contingente al ingreso, con un tope máximo de pago del 10% del ingreso,","Payment of credits will be contingent upon income, with a maximum payment ceiling of 10% of income, once","504",NA
"una vez que el alumno haya egresado y tenga ingresos (no hay pago mientras se estudia).","the student has graduated and has income (no payment while studying).","504",NA
"Condonación del saldo de deuda al cabo de un periodo máximo de pago de 15 años.","Forgiveness of the debt balance after a maximum payment period of 15 years.","504",NA
"Modernización integral del sistema de capacitación de los trabajadores.","Integral modernization of the employee training system.","H",NA
"Nuevo sistema de educación permanente,","A new system of continuing education","411",NA
"para generar las habilidades y capacidades requeridas en la sociedad moderna del conocimiento y la información,","to generate the skills and abilities required in the modern knowledge and information society,","411",NA
"complementado con un sistema de certificación de competencias,","complemented by a system of certification of competencies,","411",NA
"de forma que los trabajadores puedan beneficiarse de su capacitación e incrementar sus capacidades y remuneraciones.","so that workers can benefit from their training and increase their skills and remuneration.","701",NA
"2.Una economía que progresa","A progressing economy","H",NA
"Nuevo sistema tributario pro crecimiento, pro inversión, pro emprendimiento y pro innovación:","New pro-growth, pro-investment, pro-entrepreneurship and pro-innovation tax system:","410",NA
"Sistema integrado y simplificado,","Integrated and simplified system","202.1",NA
"que mejora estructura y mantiene niveles similares a los actuales de recaudación tributaria,","that improves structure and maintains tax collection levels similar to current levels,","202.1",NA
"con mecanismos de fomento del ahorro","with mechanisms to encourage savings","202.1",NA
"y la inversión y tasas de impuestos corporativos que convergen a los niveles promedio de la OECD.","and investment and corporate tax rates that converge to OECD average levels.","408",NA
"Modernización de la institucionalidad tributaria,","Modernization of the tax institutionality,","303",NA
"para dotarla de mayor autonomía, por medio de un cuerpo colegiado como órgano de decisión superior del Servicio de Impuestos Internos, similar a la Comisión de Valores y Seguros.","to provide it with greater autonomy, through a collegiate body as the highest decision-making body of the Internal Revenue Service, similar to the Securities and Insurance Commission.","303",NA
"Plan Chile Invierte 2026:","Plan Chile Invierte 2026: an","411",NA
"plan de infraestructura pública y privada a ocho años plazo, dependiente del Consejo de Ministros de Desarrollo Económico,","eight-year public and private infrastructure plan under the Council of Ministers of Economic Development,","411",NA
"con reportes públicos y regulares y cartera de proyectos por más de US$20 mil millones.","with regular public reports and a project portfolio of more than US$20 billion.","411",NA
"Entre las principales obras:","Among the main works:","411",NA
"doble vía Arica-Chiloé y terceras vías en Ruta 5.","Arica-Chiloé double highway and third lanes on Route 5,","411",NA
"Ruta 5 paralela, rutas costeras y transversales regionales.","parallel Route 5, coastal routes and regional cross routes.","411",NA
"Autopista Metropolitana Puerto Montt. pavimentación Carretera Austral.","Puerto Montt Metropolitan Highway, paving of Carretera Austral.","411",NA
"125 nuevos kilómetros de Metro,","125 new kilometers of subway,","411",NA
"vialidad estructurante en Antofagasta, Coquimbo-La Serena, Gran Valparaíso, Gran Concepción, Temuco, Puerto Montt y Santiago,","structuring roads in Antofagasta, Coquimbo-La Serena, Gran Valparaíso, Gran Concepción, Temuco, Puerto Montt and Santiago,","411",NA
"interconexión Rutas 68 y 78,","interconnection of Routes 68 and 78,","411",NA
"Orbital Sur Santiago,","South Santiago Orbital,","411",NA
"cinco nuevos aeropuertos,","five new airports,","411",NA
"nuevo AMB y Carriel Sur,","new AMB and Carriel Sur,","411",NA
"trenes de cercanía,","commuter trains","411",NA
"tranvías, teleféricos y habilitación de sistema pago integrado por televía en carreteras concesionadas.",", streetcars, cable cars and implementation of an integrated payment system by televía on concessioned highways.","411",NA
"Creación de empleos de calidad y mejores salarios:","Creation of quality jobs and better salaries:","H",NA
"Nuevos empleos: Revisión de la reforma laboral y nuevas iniciativas para fortalecer creación de buenos empleos,","New jobs: Revision of the labor reform and new initiatives to strengthen the creation of good jobs,","701",NA
"con protección social y mejores salarios (Ley de Teletrabajo, Ley de Sala Cuna Universal, Ley del Trabajo Joven y la Tercera Edad.","with social protection and better salaries (Telework Law, Universal Childcare Law, Law for Youth and Senior Citizens).","701",NA
"Nuevo Sistema de Capacitación y ampliación de Bono al Trabajo de la Mujer).","New Training System and extension of the Bono al Trabajo de la Mujer (Women's Work Bonus).","701",NA
"Trabajo y familia: nueva Ley de Trabajo y Familia, para compatibilizar mejor la vida familiar con la vida laboral,","Work and family: new Work and Family Law, to better reconcile family life with work life,","701",NA
"la que incluirá mecanismos de adaptabilidad y nuevos esquemas de jornadas más flexibles y favorables para la convivencia familiar y el descanso,","which will include adaptability mechanisms and new working day schemes that are more flexible and favorable for family life and rest,","701",NA
"y extensión gradual de 15 a 20 los días de vacaciones a cambio de la reducción de 3 días feriados.","and a gradual extension from 15 to 20 days of vacation in exchange for the reduction of 3 holidays.","701",NA
"Responsabilidad fiscal:","Fiscal responsibility:","H",NA
"Reforma a la Constitución para consagrar el principio de responsabilidad fiscal.","Amendment to the Constitution to enshrine the principle of fiscal responsibility.","204",NA
"Plan de austeridad fiscal: congelamiento de contrataciones en la administración pública,","Fiscal austerity plan: hiring freeze in the public administration,","414",NA
"de gastos en viáticos","of per diem expenses","414",NA
"y horas extras y de sueldos de asesores ministeriales:","and overtime and salaries of ministerial advisors:","414",NA
"reducción de un 10% del gasto en asesores a honorarios:","10% reduction in spending on fee-based consultants:","414",NA
"fin a las renovaciones innecesarias de vehículos y equipos:","an end to unnecessary vehicle and equipment renewals:","414",NA
"regulación estricta de viajes de funcionarios públicos y municipales al extranjero.","strict regulation of travel abroad by public and municipal officials.","414",NA
"B.CAMINEMOS JUNTOS: UN CHILE JUSTO Y SOLIDARIO","B.LET'S WALK TOGETHER: A FAIR AND SOLIDARY CHILE","H",NA
"1.Una buena salud","Good health","H",NA
"Reforma integral a la salud primaria:","Comprehensive primary health reform:","H",NA
"Creación de red de consultorios y centros de salud familiar de excelencia (modelo Ancora UC).","Creation of a network of clinics and family health centers of excellence (Ancora UC model).","506",NA
"Ficha Médica Única Electrónica,","Single Electronic Medical Record,","506",NA
"sistema interoperable integrado y creación de nuevo Portal Ciudadano de Salud (agendamiento y seguimiento de solicitud de consulta en línea, mediante datos clínicos y exámenes, interconsulta entre centros por vía electrónica).","integrated interoperable system and creation of a new Citizen Health Portal (online scheduling and follow-up of consultation requests, using clinical data and exams, electronic consultation between centers).","411",NA
"Programa de transformación de médicos generales en especialistas de atención primaria.","Program for the transformation of general practitioners into primary care specialists.","411",NA
"Nuevo modelo de atención de pacientes crónicos.","New model of chronic patient care.","411",NA
"Telemedicina y enfermedades mentales.","Telemedicine and mental illness.","411",NA
"Atención oportuna y digna: Nuevo Seguro Social de Salud, con un Plan Base para todos los chilenos independiente del sistema previsional.","Timely and dignified care: New Social Health Insurance, with a Basic Plan for all Chileans regardless of the social security system.","503",NA
"Nueva Ley de Isapres","New Isapres Law","504",NA
"y ampliación de la Libre Elección de Fonasa.","and extension of Fonasa's Free Choice.","504",NA
"Término de la listas de espera mediante un sistema de licitación abierta de resolución de listas de espera, fuera del horario de atención, en los mismos establecimientos u otros.","Completion of waiting lists through a system of open bidding for the resolution of waiting lists, after hours, in the same or other facilities.","504",NA
"Plataforma única digital georreferenciada para concentrar resolución de listas de espera.","Single geo-referenced digital platform to concentrate waiting list resolution.","411",NA
"Creación de Servicio Nacional de Urgencia","Creation of the National Emergency Service","506",NA
"y call center ""Salud Responde 24x7"".","and call center ""Salud Responde 24x7"".","506",NA
"Revitalización del programa Elige Vivir Sano,","Revitalization of the Elige Vivir Sano program,","502",NA
"para mejorar los hábitos en materia de alimentación, ejercicios, contacto con la naturaleza y vida en familia,","to improve eating habits, exercise, contact with nature and family life, in order","502",NA
"de forma de crear una cultura de vida sana","to create a culture of healthy living","502",NA
"y un sistema oportuno y eficaz de prevención de enfermedades crónicas, como la diabetes, hipertensión, enfermedades cardiovasculares, entre otras.","and a timely and effective system for preventing chronic diseases such as diabetes, hypertension, cardiovascular diseases, among others.","504",NA
"Reducción del precio de los medicamentos a través de medidas que incrementen la competencia de los laboratorios y las farmacias,","Reduction of drug prices through measures that increase competition between laboratories and pharmacies,","202.1",NA
"mayor transparencia en el mercado a través denuevo Portal de Precios de Medicamentos,","greater transparency in the market through the new Drug Pricing Portal,","202.1",NA
"y mayor uso de medicamentos genéricos y bioequivalentes.","and greater use of generic and bioequivalent drugs.","504",NA
"Pensiones y Envejecimiento Positivo","Pensions and Positive Aging","706",NA
"Reforma al sistema de pensiones, para que ningún pensionado quede por debajo de la línea de la pobreza.","Reform of the pension system, so that no pensioner falls below the poverty line.","701",NA
"Plan para incrementar las pensiones, en forma gradual y en un plazo de 8 años, hasta en un 40%.","Plan to gradually increase pensions by up to 40% over a period of 8 years.","701",NA
"Aumento de la tasa de cotización de 10% a 14%, de cargo del empleador,","Increase in the contribution rate from 10% to 14%, payable by the employer,","701",NA
"depositado íntegramente en la cuenta individual de los trabajadores y heredable.","deposited in full in the workers' individual account and inheritable.","504",NA
"Los trabajadores mantendrán su derecho a elegir la institución que administre su ahorro previsional.","Workers will maintain their right to choose the institution that manages their pension savings.","504",NA
"Aumento del 40% de los recursos para el Sistema de Pensiones Solidarias,","A 40% increase in resources for the Solidarity Pension System,","504",NA
"para subir las pensiones básicas,","to increase basic pensions,","701",NA
"el aporte previsional solidario","the solidarity pension contribution","701",NA
"y extender este último a la clase media.","and extend the latter to the middle class.","704",NA
"Incentivos para extender voluntariamente vida laboral y seguro de longevidad.","Incentives to voluntarily extend working life and longevity insurance.","402",NA
"Reforma a la industria de AFP para incrementar competencia,","Reform of the AFP industry to increase competition,","202.1",NA
"transparencia,","transparency,","202.1",NA
"participación de afiliados en las decisiones,","member participation in decisions,","202.1",NA
"reducir comisiones y mejorar rentabilidades de los fondos.","reduce commissions and improve fund returns.","202.1",NA
"Nueva Ley de Envejecimiento Positivo y programa Elige Vivir Sano para personas mayores.","New Positive Aging Law and Elige Vivir Sano program for seniors.","706",NA
"Política de Apoyo Directo al Adulto Mayor:","Direct Support Policy for the Elderly:","706",NA
"fortalecimiento del rol de las familias,","strengthening the role of families,","606.1",NA
"centros de larga estadía,","long-stay centers,","706",NA
"red de centros diurnos","network of day centers","706",NA
"y cuidadores domiciliarios.","and home caregivers.","706",NA
"Ciudades amigables e inclusivas","Friendly and inclusive cities","503",NA
"y acceso a SENCE para personas mayores.","and access to SENCE for the elderly.","503",NA
"Nueva cobertura GES para personas mayores:","New GES coverage for the elderly:","504",NA
"incorporación al Plan Auge de una nueva garantía especial para personas mayores, como atención de salud dental, mental, kinesiológica, enfermedades crónicas y acceso a medicamentos","incorporation into the Auge Plan of a new special guarantee for the elderly, such as dental, mental health care, kinesiology, chronic diseases and access to medicines","503",NA
"3.Una sociedad donde nadie se queda atrás","3.A society where no one is left behind","606.1",NA
"Nuevo Sistema de Protección de la Infancia:","New Child Protection System:","706",NA
"Reforma integral al sistema de protección de la infancia.","Comprehensive reform of the child protection system.","706",NA
"Nuevo Servicio Nacional de la Infancia y Servicio de Responsabilidad Adolescente.","New National Children's Service and Adolescent Accountability Service.","706",NA
"Nuevo modelo continuo de gestión, atención e intervención, incluyendo sistema de monitoreo en línea de infancia vulnerable y mecanismos de alerta temprana (por ejemplo, deserción escolar),","New continuous model of management, care and intervention, including an online monitoring system for vulnerable children and early warning mechanisms (e.g., school dropout),","504",NA
"con registro único de información del Sename, Municipios, sostenedores educacionales, PDI, Tribunales, Carabineros, Salud y Chile Crece Contigo.","with a single registry of information from Sename, municipalities, educational providers, PDI, Courts, Carabineros, Health and Chile Crece Contigo.","706",NA
"Reforma a la Ley de Adopciones.","Reform to the Adoption Law.","706",NA
"Reafirmar que el criterio orientador debe estar basado en el interés superior de los niños","Reaffirm that the guiding criteria should be based on the best interests of the children","706",NA
"y agilización de los trámites de adopción,","and streamlining adoption procedures,","706",NA
"para reducir los tiempos de espera y facilitar los procesos.","in order to reduce waiting times and facilitate the process.","706",NA
"Plan Nacional para la Superación de la Pobreza:","National Plan for Overcoming Poverty:","504",NA
"Ingreso Ético Familiar 2.0. ampliación de la cobertura y fortalecimiento del pilar de empleo y educación, extendiendo su ámbito de acción a otras áreas.","Expanding the coverage and strengthening the employment and education pillar, extending its scope of action to other areas.","504",NA
"Ampliación del Bono de Formalización Laboral y del Bono al Trabajo de la Mujer,","Expansion of the Labor Formalization Bonus and the Women's Work Bonus,","402",NA
"y nuevo subsidio al empleo de los adultos mayores, incluyendo a hombres cuyo ingreso sea menor al establecido por este programa.","and a new employment subsidy for senior citizens, including men whose income is lower than that established by this program.","402",NA
"Rediseño del Subsidio al Empleo Joven.","Redesign of the Youth Employment Subsidy.","402",NA
"Erradicación de campamentos al 2026 y plan de apoyo para personas en situación de calle.","Eradication of encampments by 2026 and support plan for homeless people.","503",NA
"Programa especial para lograr darle una solución digna y definitiva a las más de 38.000 familias que viven en campamentos y asentamientos irregulares en el país.","Special program to achieve a dignified and definitive solution for the more than 38,000 families living in camps and irregular settlements in the country.","705",NA
"Fortalecimiento del programa Noche Digna.","Strengthening of the Noche Digna program.","705",NA
"Plataforma de Datos y Programas Sociales, para fortalecer el seguimiento y evaluación de las políticas sociales.","Data and Social Programs Platform, to strengthen the monitoring and evaluation of social policies.","202.1",NA
"App Social, aplicación para teléfonos móviles que permita a cada hogar conocer los beneficios que actualmente recibe y los programas a los que podría tener acceso.","Social App, an application for cell phones that allows each household to know the benefits it currently receives and the programs to which it could have access.","411",NA
"Cuenta RUT Social:","RUT Social Account: a","411",NA
"plataforma única de pago de todos los beneficios sociales entregados por el Estado,","single platform for the payment of all social benefits provided by the State,","411",NA
"que sistematice todos los aportes y transferencias que reciben las personas.","which systematizes all contributions and transfers received by individuals.","411",NA
"Red ""Clase Media Tranquila"":","Red ""Clase Media Tranquila"":","704",NA
"Esquema de seguros sociales para proteger a las familias chilenas de los eventos y vulnerabilidades más relevantes de la vida:","Social insurance scheme to protect Chilean families from the most relevant events and vulnerabilities of life:","504",NA
"1) desempleo.","1) unemployment. 2) unemployment.","701",NA
"3) longevidad (cuarta edad).","3) longevity (fourth age).","503",NA
"4) vivienda y catástrofes naturales.","4) housing and natural catastrophes.","504",NA
"5) acceso a la educación superior.","5) access to higher education.","506",NA
"C.VIVAMOS TRANQUILOS: UN CHILE UNIDO Y EN PAZ","C.VIVAMOS TRANQUILOS: A UNITED AND PEACEFUL CHILE","H",NA
"1. Un Chile más seguro","A Safer Chile","605.1",NA
"Política de Estado para la Prevención del Delito:","State Policy for Crime Prevention:","605.1",NA
"Modernización y fortalecimiento de Carabineros de Chile y la PDI","Modernization and strengthening of the Carabineros de Chile and the PDI","605.1",NA
"Modernización administrativa:","Administrative modernization:","303",NA
"Nuevo sistema de controles internos y reorganización de la gestión financiera,","New system of internal controls and reorganization of financial management,","303",NA
"con procedimientos y protocolos que se ajusten a parámetros modernos de gestión,","with procedures and protocols that conform to modern management parameters,","303",NA
"complementario con el control externo de la Contraloría General de la República.","complementary to the external control of the Office of the Comptroller General of the Republic.","202.1",NA
"Definición presupuestaria por objetivos estratégicos","Budget definition by strategic objectives","202.1",NA
"y auditorías externas asociados a la asignación de recursos.","and external audits associated with resource allocation.","202.1",NA
"Reforma a los sistemas de ingreso,","Reform of income systems,","202.1",NA
"evaluación y promoción para vincular la carrera a los objetivos estratégicos institucionales.","evaluation and promotion to link the career to the institutional strategic objectives.","202.1",NA
"Modernización operativa:","Operational modernization:","411",NA
"Redefinición de facultades y atribuciones, rediseño de estructuras de formación, funciones operativas, carrera funcionaria.","Redefinition of powers and responsibilities, redesign of training structures, operational functions, civil service careers,","303",NA
"incorporación masiva de nuevas tecnologías,","massive incorporation of new technologies,","411",NA
"énfasis en labores preventivas por sobre administrativas,","emphasis on preventive rather than administrative tasks,","605.1",NA
"especialización de las policías,","specialization of the police,","605.1",NA
"creación de unidades mixtas para delitos graves como terrorismo, crimen organizado y narcotráfico,","creation of mixed units for serious crimes such as terrorism, organized crime and drug trafficking,","605.1",NA
"con mando centralizado y énfasis en la detención de delincuentes reincidentes y peligrosos.","with centralized command and emphasis on the arrest of repeat offenders and dangerous criminals.","605.1",NA
"Ley para institucionalizar el sistema de inteligencia para la prevención del delito, con metas específicas de reducción de delitos (STAD 2.0).","Law to institutionalize the intelligence system for crime prevention, with specific crime reduction goals (STAD 2.0).","605.1",NA
"Fortalecimiento de Subsecretaría de Prevención del Delito:","Strengthening of the Undersecretariat for Crime Prevention:","605.1",NA
"Creación de un Sistema Integral de Prevención del Delito,","Creation of an Integrated Crime Prevention System","605.1",NA
"que mejore la gestión y coordinación de las instituciones involucradas en la prevención del delito (policías, municipios y otros órganos involucrados).","to improve the management and coordination of the institutions involved in crime prevention (police, municipalities and other bodies involved).","605.1",NA
"Fortalecimiento del rol preventivo de Carabineros,","Strengthening the preventive role of the Carabineros","605.1",NA
"mediante la introducción de tecnologías,","through the introduction of technologies,","411",NA
"la colaboración mutua con los municipios","mutual collaboration with municipalities","301",NA
"y una clara asignación de responsabilidad en la seguridad privada.","and a clear assignment of responsibility for private security.","605.1",NA
"Fuerza de Tarea Nacional Antidrogas:","National Anti-Drug Task Force:","605.1",NA
"Creación de un mando y unidades conjuntas de las policías, con la colaboración de la ANI, el Ministerio Público, la Unidad de Análisis Financiero, el Registro Civil, el SII y Aduanas,","Creation of a joint police command and units, with the collaboration of the ANI, the Public Prosecutor's Office, the Financial Analysis Unit, the Civil Registry, the SII and Customs,","605.1",NA
"para la prevención y el combate del narcotráfico.","to prevent and combat drug trafficking.","605.1",NA
"Fuerza de Tarea Nacional Anti Terrorismo y Crimen Organizado:","National Anti-Terrorism and Organized Crime Task Force:","605.1",NA
"Creación de un mando y unidades conjuntas de las policías, con la colaboración de la ANI, el Ministerio Público, la Unidad de Análisis Financiero, el Registro Civil, el Servicio de Impuestos Internos y Aduanas y FF.AA., para la prevención y combate de este tipo de delitos específicos.","Creation of a joint police command and units, with the collaboration of the ANI, the Public Prosecutor's Office, the Financial Analysis Unit, the Civil Registry, the Internal Revenue Service, Customs and the Armed Forces, for the prevention and combat of this specific type of crime.","605.1",NA
"Reforma a la ley antiterrorista:","Reform of the anti-terrorism law:","605.1",NA
"introducción de nuevas herramientas de investigación, como agentes encubiertos o protección efectiva de testigos,","introduction of new investigative tools, such as undercover agents or effective witness protection,","605.1",NA
"y normas de sanción más eficaces.","and more effective sanction rules.","605.1",NA
"Nuevo Sistema Nacional de Inteligencia:","New National Intelligence System:","605.1",NA
"Nuevo sistema integrado, con la participación de las instituciones involucradas y afines, como las FF.AA. e institucionales policiales, Gendarmería, la Unidad de Análisis Financiero, el Servicio de Impuestos Internos, el Registro Civil. Aduanas, entre otras.","New integrated system, with the participation of the involved and related institutions, such as the Armed Forces and police institutions, the Gendarmerie, the Financial Analysis Unit, the Internal Revenue Service, the Civil Registry. Customs, among others.","605.1",NA
"Nuevo Centro de Respuesta ante Amenazas Terroristas y Centro Unificado de Datos contra el Terrorismo.","New Terrorist Threat Response Center and Unified Counterterrorism Data Center.","605.1",NA
"Incorporación de Ciberinteligencia como insumo básico y protección de información de importancia para la seguridad nacional.","Incorporation of Cyber Intelligence as a basic input and protection of information of national security importance.","605.1",NA
"Reformas para una justicia más eficaz:","Reforms for a more effective justice system:","605.1",NA
"Revisión integral del Código Procesal Penal, nuevo Código Penal,","Comprehensive review of the Code of Criminal Procedure, new Criminal Code,","605.1",NA
"reforma a la ley de responsabilidad penal adolescente","reform of the law on adolescent criminal responsibility","605.1",NA
"y nuevo Estatuto de Víctimas y Protección de Testigos.","and new Victims and Witness Protection Statute.","605.1",NA
"Mejor coordinación entre policías, fiscales y jueces para mejorar la eficacia de la persecución penal.","Better coordination between police, prosecutors and judges to improve the effectiveness of criminal prosecution.","605.1",NA
"Protección de las personas y comunidades ante catástrofes naturales:","Protection of people and communities from natural disasters:","606.1",NA
"Nuevo Sistema y Agencia Nacional de Emergencias y Protección Civil, incorporando plenamente a las Fuerzas Armadas y de Orden, Bomberos y voluntarios.","New National Emergency and Civil Protection System and Agency, fully incorporating the Armed Forces, Firefighters and volunteers.","606.1",NA
"2. Mejores instituciones y Estado moderno al servicio de las personas:","Better institutions and a modern State at the service of the people:","202.1",NA
"Revisión del periodo presidencial,","Revision of the presidential term,","202.1",NA
"límite a la reelección de las autoridades políticas","limit to the reelection of political authorities","202.1",NA
"y reducción del número de parlamentarios a 120 diputados y 40 senadores,","and reduction of the number of parliamentarians to 120 deputies and 40 senators,","202.1",NA
"manteniendo el actual sistema electoral proporcional.","maintaining the current proportional electoral system.","202.1",NA
"Regulación moderna del tránsito de autoridades entre el sector público y privado.","Modern regulation of the transit of authorities between the public and private sectors.","202.1",NA
"Creación del Consejo de Presidentes de la República","Creation of the Council of Presidents of the Republic","202.1",NA
"y construcción del Museo de la Democracia.","and construction of the Museum of Democracy.","305.5",NA
"Modernización y fortalecimiento de la Contraloría General de la República,","Modernization and strengthening of the Office of the Comptroller General of the Republic, through","202.1",NA
"a través de nueva ley orgánica que, entre otras cosas, incluya dentro de su ámbito de fiscalización el Congreso Nacional,","a new organic law that, among other things, includes the National Congress within its scope of supervision, in order to","202.1",NA
"de forma de fiscalizar pertinencia, transparencia y legalidad de los gastos.","supervise the relevance, transparency and legality of expenditures.","202.1",NA
"Modernización del gobierno corporativo del Congreso y fortalecimiento de sus capacidades,","Modernization of the corporate governance of the Congress and strengthening of its capacities,","303",NA
"regulando uso de urgencias del Ejecutivo,","regulating the use of executive urgencies,","202.1",NA
"profesionalizado la asesoría legislativa,","professionalizing legislative counseling,","303",NA
"creando la Oficina de Presupuesto del Congreso, entre otras medidas.","creating the Congressional Budget Office, among other measures.","303",NA
"Estado digital al servicio de los ciudadanos.","Digital state at the service of citizens.","303",NA
"Plan de Digitalización Universal de Trámites y programa de interoperabilidad de servicios del Estado.","Plan for the Universal Digitalization of Procedures and interoperability program for government services.","303",NA
"Normativa para establecer que el Estado no pida certificados o antecedentes que se encuentren en sus propios registros.","Regulation to establish that the State does not request certificates or records that are in its own records.","303",NA
"Creación de Registro Social Único.","Creation of a Single Social Registry.","303",NA
"Servicio Nacional del Usuario.","National User Service.","411",NA
"Ficha Única Electrónica de Salud.","Single Electronic Health Record (Ficha Única Electrónica de Salud).","411",NA
"Inteligencia Analítica Criminal.","Criminal Analytical Intelligence.","605.1",NA
"Sistema Integrado de Prevención del Delito y número único de emergencias.","Integrated Crime Prevention System and single emergency number.","605.1",NA
"Modernización Integral del Registro Civil y Ley Chile Atiende.","Integral Modernization of the Civil Registry and Chile Atiende Law.","303",NA
"D.CON CALIDAD DE VIDA: UN CHILE PARA VIVIR BIEN","D.WITH QUALITY OF LIFE: A CHILE TO LIVE WELL","416.2",NA
"1.Ciudades más humanas","1.More humane cities","416.2",NA
"Ciudades Inclusivas:","Inclusive cities:","503",NA
"acceso seguro y de calidad a bienes y servicios urbanos.","safe and quality access to urban goods and services.","503",NA
"Reimpulso de Política Nacional de Desarrollo Urbano","Re-launching of the National Urban Development Policy","411",NA
"y construcción de un gran parque urbano por región.","and construction of a large urban park per region.","502",NA
"Nueva institucionalidad para las ciudades:","New institutional framework for cities:","411",NA
"autoridades metropolitanas de transporte y desarrollo urbano.","metropolitan transport and urban development authorities.","411",NA
"Plan Ciudades 500 para conmemorar y modernizar la infraestructura,","Cities 500 Plan to commemorate and modernize the infrastructure,","411",NA
"espacios públicos y calidad de las urbes que se aprontan a cumplir cinco siglos de existencia (Valparaíso. Santiago. Arica. La Serena. Concepción).","public spaces and quality of the cities that are about to celebrate five centuries of existence (Valparaíso, Santiago, Arica, La Serena, Concepción).","411",NA
"Corredores verdes y plazas y Parques de Bolsillo. Política nacional de ciudades inteligentes.","Green corridors and squares and Pocket Parks. National smart cities policy.","411",NA
"Plan Nacional de Aire Limpio:","National Clean Air Plan:","416.2",NA
"Ley de Planes de Descontaminación y puesta en marcha nuevos planes,","Law on Decontamination Plans and implementation of new plans,","416.2",NA
"plan piloto de calefacción distrital, comunal o por barrio, para erradicación de contaminación por leña en ciudades del sur del país.","pilot plan for district, communal or neighborhood heating to eradicate firewood pollution in cities in the south of the country.","416.2",NA
"2.Transporte público para las personas","Public transportation for people","411",NA
"Nuevo Sistema de Transporte Urbano para Chile: ""Transporte Urbano Tercer Milenio""","New Urban Transportation System for Chile: ""Third Millennium Urban Transportation""","411",NA
"Nuevo Plan de Transporte para Santiago:","New Transportation Plan for Santiago:","411",NA
"fin del Transantiago a ocho años plazo y nuevo sistema estructurado en base al Metro y sistemas de rieles.","end of Transantiago in eight years and new system structured on the basis of the Metro and rail systems.","411",NA
"Término de Líneas 3 y 6","Completion of Lines 3 and 6","411",NA
"y construcción de nuevas Líneas 7 y 8 del Metro, incluyendo una ampliación total de la red de 125 kilómetros.","and construction of new Metro Lines 7 and 8, including a total network extension of 125 kilometers.","411",NA
"Extensión de la red al Aeropuerto de Santiago, tranvías y trenes urbanos.","Extension of the network to Santiago Airport, streetcars and urban trains.","411",NA
"Nuevo sistema de buses alimentadores de mayor flexibilidad y calidad,","New feeder bus system with greater flexibility and quality,","411",NA
"sistemas tecnológicos de información y control,","technological information and control systems,","411",NA
"nuevas redes de ciclovías (800 km)","new bicycle lane networks (800 km)","411",NA
"y estacionamientos de bicicletas en la red de Metro","and bicycle racks in the Metro network","411",NA
"y modernización del sistema de taxis colectivos,",", and modernization of the collective cab system,","411",NA
"incorporando nuevos vehículos más apropiados para prestar ese servicio.","incorporating new vehicles that are more appropriate for providing this service.","411",NA
"Planes de Transporte para Regiones:","Transportation Plans for Regions:","411",NA
"más de 200 proyectos de vialidad en ciudades, nuevas redes de trenes urbanos (Antofagasta. La Serena-Coquimbo. Gran Valparaíso. Gran Concepción. Temuco-Padre las Casas y Puerto Montt)","more than 200 road projects in cities, new urban train networks (Antofagasta. La Serena-Coquimbo. Greater Valparaíso. Greater Concepción. Temuco-Padre las Casas and Puerto Montt)","411",NA
"y medios distintos de integración modal,","and different means of modal integration,","411",NA
"incluyendo teleféricos en Valparaíso e Iquique-Alto Hospicio.","including cable cars in Valparaíso and Iquique-Alto Hospicio. Environmental","411",NA
"3. Protección y cuidado del medio ambiente","protection and care","501",NA
"Servicio Nacional de Parques Nacionales y Áreas Protegidas.","National Service of National Parks and Protected Areas.","501",NA
"Modernización y extensión de la red de parques y reservas nacionales.","Modernization and extension of the network of national parks and reserves.","501",NA
"Nueva Ley Única de Donaciones, con beneficios para promover la filantropía ambiental.","New Single Law on Donations, with benefits to promote environmental philanthropy.","501",NA
"Cuidado y protección de mascotas y animales domésticos:","Care and protection of pets and domestic animals:","501",NA
"cumplimiento estricto de Ley de Tenencia Responsable de Mascotas,","strict compliance with the Law on Responsible Pet Ownership,","501",NA
"asegurando cumplimiento de nuevas obligaciones y fiscalizando con rigor el maltrato y abandono.","ensuring compliance with new obligations and rigorously controlling abuse and abandonment.","501",NA
"Creación de un registro de inscripción de mascotas","Creation of a pet registration registry","501",NA
"e incentivo al uso de chips electrónicos de identificación,","and incentives for the use of electronic identification chips","501",NA
"para facilitar la búsqueda en caso de extravío y sanciones para el maltrato o abandono deliberado.","to facilitate searches in case of loss and penalties for mistreatment or deliberate abandonment.","501",NA
"Trabajo conjunto con municipios y sociedad civil para implementar equipamiento especial en parques y plazas, planes de adopción, tratamiento veterinario y programas de esterilización.","Joint work with municipalities and civil society to implement special equipment in parks and squares, adoption plans, veterinary treatment and sterilization programs.","501",NA
"4. Un país para las familias","A country for families","706",NA
"Estatuto de fortalecimiento y protección de las familias:","Statute for the strengthening and protection of families:","504",NA
"ampliación de políticas de promoción de vida familiar a través del programa Elige Vivir Sano y nuevos beneficios tributarios, sociales, educacionales, de vivienda y salud, entre otros, para grupos familiares numerosos.","expansion of policies to promote family life through the Elige Vivir Sano program and new tax, social, educational, housing and health benefits, among others, for large family groups.","504",NA
"Política de prevención y solución de conflictos al interior de las familias.","Conflict prevention and resolution policy within families.","504",NA
"Asistencia profesional para la mediación y conciliación frente a problemas que surgen en la convivencia.","Professional assistance for mediation and conciliation of problems that arise in coexistence.","504",NA
"Nueva red de alerta e intervención temprana de conflictos familiares,","New early warning and intervention network for family conflicts, through","504",NA
"por medio de integración de datos de servicios públicos (Gendarmería, Fiscalía, educación, salud, Desarrollo Social, Sernam. Sename entre otros).","the integration of data from public services (Gendarmería, Public Prosecutor's Office, education, health, Social Development, Sernam. Sename, among others)","504",NA
"pololeo, dispositivos electrónicos para garantizar el cumplimiento de medidas cautelares",", electronic devices to ensure compliance with precautionary measures","605.1",NA
"y estrategias intersectoriales de intervención temprana.","and intersectoral strategies for early intervention.","605.1",NA
"Revisión de nueva Ley de Tuición Compartida,","Revision of the new Shared Guardianship Law,","706",NA
"para facilitar su aplicación y ampliar las oportunidades de convivencia y participación de los padres que no viven en el hogar familiar.","to facilitate its application and expand the opportunities for cohabitation and participation of parents who do not live in the family home.","706",NA
"Promoción de la natalidad:","Promotion of the birth rate:","503",NA
"incentivos tributarios a las familias numerosas,","tax incentives for large families,","504",NA
"incorporación de tratamientos de infertilidad al Plan Auge","incorporation of infertility treatments into the Auge Plan","504",NA
"y subsidio habitacional especial para las familias numerosas.","and special housing subsidies for large families.","504",NA
"Fortalecimiento de la lucha contra la violencia intrafamiliar.","Strengthening the fight against domestic violence.","605.1",NA
"Revisión de la legislación, incluyendo sanciones para violencia en el pololeo,","Revision of legislation, including sanctions for domestic violence,","605.1",NA
"dispositivos electrónicos para garantizar el cumplimiento de medidas cautelares","electronic devices to ensure compliance with precautionary measures","605.1",NA
"y estrategias intersectoriales de intervención temprana.","and intersectoral early intervention strategies.","605.1",NA
"Mejor compatibilización de la vida familiar y el trabajo","Better compatibility of work and family life","504",NA
